Early documentary sources refer to large hounds bred to chase deer and in Scotland inscribed stones have been found depicting such dogs accompanied by mounted hunters .	0 0 0 0 0 0 0 0 0 0 0 0 0 0 0 0 0 0 0 0 0 0 0 0 1 0 0	O O O O O O O O O O O O O O O O O O O O O O O O B-PRD B-ARG1 O
I spent about half of last year working on the third of those things , then the other half - with an accompanying feeling of doom - working on the first .	0 1 0 0 0 0 0 0 0 0 0 0 0 0 0 0 0 0 0 0 0 0 0 0 0 0 0 0 0 0 0 0	B-ARG0 B-PRD B-ARG1 I-ARG1 I-ARG1 I-ARG1 I-ARG1 B-ARG2 I-ARG2 I-ARG2 I-ARG2 I-ARG2 I-ARG2 I-ARG2 O O O O O O O O O O O O O O O O O O
No words can express the loss .	0 0 0 1 0 0 0	B-ARG0 I-ARG0 B-ARGM-MOD B-PRD B-ARG1 I-ARG1 O
One contributor noted the wind industry had gone through a bad patch in the late 1980 's , but now was expanding rapidly again in Denmark and elsewhere , with 20 % growth rates being common .	0 0 1 0 0 0 0 0 0 0 0 0 0 0 0 0 0 0 0 0 0 0 0 0 0 0 0 0 0 0 0 0 0 0 0 0 0	B-ARG0 I-ARG0 B-PRD O O O O O O O O O O O O O O O O O O O O O O O O O O O O O O O O O O
How Income is Assessed The individual is taxable to foreign income under Schedule D IV & V . This income , if remitted , does not fall under the legislation allowing savings income to be taxable at lower rates .	0 0 0 1 0 0 0 0 0 0 0 0 0 0 0 0 0 0 0 0 0 0 0 0 0 0 0 0 0 0 0 0 0 0 0 0 0 0 0 0	B-ARGM-MNR B-ARG1 O B-PRD B-ARG1 I-ARG1 O O O O O O O O O O O O O O O O O O O O O O O O O O O O O O O O O O
All you are health promo stuff will be invaluable I bet . yeah I would love to go further into health promotion , especially sexual health , and indeed as you known to get anywhere in the NHS you need a nursing registration .	0 0 0 0 0 0 0 0 0 0 0 0 0 0 0 0 0 0 0 0 0 0 0 0 0 0 0 0 0 0 0 0 0 1 0 0 0 0 0 0 0 0 0 0	O O O O O O O O O O O O O O O O O O O O O O O O O O O O O O O O O B-PRD B-ARG2 I-ARG2 I-ARG2 I-ARG2 O O O O O O
corrected using lenses State what can be used to produce a cold light source inside the body Explain how fibre optics are used in an endoscope ( fibrescope ) Section 4 . Using The Spectrum : Light , X - rays , Infrared and Ultraviolet Radiation Describe one use of the laser in medicine Describe one use of X - rays in medicine State how X - rays can be detected Describe the use of infrared and ultraviolet radiation in medicine State that too much ulraviolet radiation may cause skin cancer Describe the advantages of computer aided tomography Section 5 . Nuclear Radiation - Humans and Medicine State the effect of nuclear radiation on living cells Describe a medical use of radiation which involves killing cells ( instrument sterilisation , cancer treatment ) Describe how the fact that radiation is easy to detect can be used in medicine Describe the range and absorption of alpha , beta and gamma radiation State what happens to radiation energy when radiation passes through a material Describe a model of the atom which i	0 0 0 0 0 0 0 0 0 0 0 0 0 0 0 0 0 0 0 0 0 0 0 0 0 0 0 0 0 0 0 0 0 0 0 0 0 0 0 0 0 0 0 0 0 0 0 0 0 0 0 0 0 0 0 0 0 0 0 0 0 0 0 0 0 0 0 0 0 0 0 0 0 0 0 0 0 0 0 0 0 0 0 0 0 0 0 0 0 0 0 0 0 0 0 0 0 0 0 0 0 0 0 0 0 0 0 0 0 0 0 0 0 0 0 0 0 0 0 1 0 0 0 0 0 0 0 0 0 0 0 0 0 0 0 0 0 0 0 0 0 0 0 0 0 0 0 0 0 0 0 0 0 0 0 0 0 0 0 0 0 0 0 0 0 0 0 0 0 0 0 0 0 0 0 0 0 0 0 0	O O O O O O O O O O O O O O O O O O O O O O O O O O O O O O O O O O O O O O O O O O O O O O O O O O O O O O O O O O O O O O O O O O O O O O O O O O O O O O O O O O O O O O O O O O O O O O O O O O O O O O O O O O O O O O O O O O O O O O B-ARG2 B-PRD B-ARG1 I-ARG1 I-ARG1 I-ARG1 I-ARG1 I-ARG1 I-ARG1 I-ARG1 I-ARG1 I-ARG1 I-ARG1 I-ARG1 I-ARG1 O O O O O O O O O O O O O O O O O O O O O O O O O O O O O O O O O O O O O O O O O O O O O O O
They were Aaron Kosminski , a poor Polish Jew who came to England in 1832 ; Montague John Druitt , a 31 - year - old barrister and schoolteacher who committed suicide in December , 1888 , while of unsound mind ; Michael Ostrog , a Russian - born thief and confidence trickster who was regarded as a homicidal maniac ; and Francis J . Tumblety , an American who was arrested in November 1888 for offences of gross indecency and who fled the country after getting bail at a very high price .	0 0 0 0 0 0 0 0 0 0 0 0 0 0 0 0 0 0 0 0 0 0 0 0 0 0 0 0 0 0 0 0 0 0 0 0 0 0 0 0 0 0 0 0 0 0 0 0 0 0 0 0 0 0 0 0 0 0 0 0 0 0 0 0 0 0 0 0 0 0 0 0 0 0 0 0 0 0 0 0 0 0 1 0 0 0 0 0 0 0 0 0 0 0	O O O O O O O O O O O O O O O O O O O O O O O O O O O O O O O O O O O O O O O O O O O O O O O O O O O O O O O O O O O O O O O O O O O B-ARG0 I-ARG0 B-R-ARG0 O O O O O O O O O O O B-R-ARG0 B-PRD B-ARG1 I-ARG1 B-ARGM-TMP I-ARGM-TMP I-ARGM-TMP I-ARGM-TMP I-ARGM-TMP I-ARGM-TMP I-ARGM-TMP I-ARGM-TMP O
I am working on part L2 for the Dept . of Education and Skills and have done some similar modeling .	0 0 1 0 0 0 0 0 0 0 0 0 0 0 0 0 0 0 0 0 0	B-ARG0 O B-PRD B-ARG1 I-ARG1 I-ARG1 B-ARG2 I-ARG2 I-ARG2 I-ARG2 I-ARG2 I-ARG2 I-ARG2 I-ARG2 O O O O O O O
The Hoe Lane side were made to pay for their mistakes in the 15 th minute .	0 0 0 0 0 1 0 0 0 0 0 0 0 0 0 0 0	O O O O O B-PRD B-ARG1 I-ARG1 I-ARG1 I-ARG1 I-ARG1 I-ARG1 I-ARG1 I-ARG1 I-ARG1 I-ARG1 O
All sessions last one hour , however it is possible to arrange for shorter lessons .	0 0 0 0 0 0 0 0 0 0 0 1 0 0 0 0	O O O O O O O O O O O B-PRD B-ARG1 I-ARG1 I-ARG1 O
The NFFO had been successful at ' industry forming ' he said , with some 500 companies now being active .	0 0 0 0 0 0 0 0 0 0 0 1 0 0 0 0 0 0 0 0 0	O O O O O O O O O O B-ARG0 B-PRD O B-ARGM-ADV I-ARGM-ADV I-ARGM-ADV I-ARGM-ADV I-ARGM-ADV I-ARGM-ADV I-ARGM-ADV O
At the course dinner on Thursday night his voice , which earlier on scarcely rose above a whisper , was to be heard clearly impressing itself on the general babble .	0 0 0 0 0 0 0 0 0 0 0 0 0 0 0 0 0 0 0 0 0 0 0 0 1 0 0 0 0 0 0	O O O O O O O B-ARG0 I-ARG0 I-ARG0 I-ARG0 I-ARG0 I-ARG0 I-ARG0 I-ARG0 I-ARG0 I-ARG0 I-ARG0 I-ARG0 O O O O B-ARGM-MNR B-PRD B-ARG1 B-ARG2 I-ARG2 I-ARG2 I-ARG2 O
Research Research Groups MRC Epidemiology Unit MRC Epidemiology Unit external website Our goal is to understand the aetiology and pathogenesis of diabetes and to use that understanding to develop interventions aimed at primary prevention and early detection .	0 0 0 0 0 0 0 0 0 0 0 0 0 0 0 0 0 0 0 0 0 0 0 0 0 0 0 0 0 0 1 0 0 0 0 0 0 0	O O O O O O O O O O O O O O O O O O O O O O O O O O O O O B-ARG1 B-PRD B-ARG2 I-ARG2 I-ARG2 I-ARG2 I-ARG2 I-ARG2 O
It does not make you feel stupid ( or redundant ) , it plays to you are skills as a teacher .	0 0 0 1 0 0 0 0 0 0 0 0 0 0 0 0 0 0 0 0 0 0	B-ARG0 O B-ARGM-NEG B-PRD B-ARG1 I-ARG1 I-ARG1 I-ARG1 I-ARG1 I-ARG1 I-ARG1 O O O O O O O O O O O
Anyway back to the modding , the main thing that was holding me back installing the LCD was the cabling .	0 0 0 0 0 0 0 0 0 0 0 1 0 0 0 0 0 0 0 0 0	O O O O O O B-ARG0 I-ARG0 I-ARG0 B-R-ARG0 O B-PRD B-ARG1 B-ARGM-DIR B-ARGM-ADV I-ARGM-ADV I-ARGM-ADV O O O O
Just click on catwalk gallery using the main menu , left .	0 0 0 0 0 1 0 0 0 0 0 0	O O O O O B-PRD B-ARG1 I-ARG1 I-ARG1 I-ARG1 I-ARG1 O
If you are subject , for example , involves research in the 16 th century , or you wish to learn to read for academic purposes only , this may not be the right path for you .	0 0 1 0 0 0 0 0 0 0 0 0 0 0 0 0 0 0 0 0 0 0 0 0 0 0 0 0 0 0 0 0 0 0 0 0 0 0	O B-ARG1 B-PRD B-ARG2 O O O O O O O O O O O O O O O O O O O O O O O O O O O O O O O O O O
The two episodes combine to give a strong sense of how the gospel message is spread and its possibilities sown to bear fruit where the ground is receptive .	0 0 0 0 0 0 0 0 0 0 0 0 0 0 0 0 0 0 0 0 0 0 0 0 0 0 1 0 0	O O O O O O O O O O O O O O O O O O O O O O O B-ARGM-LOC B-ARG1 I-ARG1 B-PRD B-ARG2 O
" Morrisons ' top award Wednesday 15 June 2005 YORKSHIRE Dales shoppers who use Morrison 's stores in Skipton or Kendal are getting the best deal in Britain - despite the financial troubles attracting national newspaper headlines to the Bradford - based supermarket chain .	0 0 0 0 0 0 0 0 0 0 0 0 0 1 0 0 0 0 0 0 0 0 0 0 0 0 0 0 0 0 0 0 0 0 0 0 0 0 0 0 0 0 0 0 0	O O O O O O O O O B-ARG0 I-ARG0 I-ARG0 B-R-ARG0 B-PRD B-ARG1 I-ARG1 I-ARG1 B-ARG2 I-ARG2 I-ARG2 I-ARG2 O O O O O O O O O O O O O O O O O O O O O O O O
At present Land Securities has targeted two specific London buildings as suitable for the LandFlex scheme comprising a total office space in excess of 500,000 sq . ft . Despite Land Securities own enthusiasm for their new product it remains to be seen whether the take up in the market will exist and whether the pricing structures which they have put in place are considered reasonable by businesses .	0 0 0 0 0 1 0 0 0 0 0 0 0 0 0 0 0 0 0 0 0 0 0 0 0 0 0 0 0 0 0 0 0 0 0 0 0 0 0 0 0 0 0 0 0 0 0 0 0 0 0 0 0 0 0 0 0 0 0 0 0 0 0 0 0 0 0 0 0	B-ARGM-TMP I-ARGM-TMP B-ARG0 I-ARG0 O B-PRD B-ARG1 I-ARG1 I-ARG1 I-ARG1 B-ARG2 I-ARG2 I-ARG2 I-ARG2 I-ARG2 I-ARG2 I-ARG2 I-ARG2 I-ARG2 I-ARG2 I-ARG2 I-ARG2 I-ARG2 I-ARG2 I-ARG2 I-ARG2 I-ARG2 I-ARG2 O B-ARGM-ADV I-ARGM-ADV I-ARGM-ADV I-ARGM-ADV I-ARGM-ADV I-ARGM-ADV I-ARGM-ADV I-ARGM-ADV I-ARGM-ADV O O O O O O O O O O O O O O O O O O O O O O O O O O O O O O O
In the event of us not having the right bed for you in stock we can get Divans made and delivered in 7 days and pine or metal beds normally within 14 days Are there any delivery charges ?	0 0 0 0 0 0 0 0 0 0 0 0 0 0 0 0 0 0 1 0 0 0 0 0 0 0 0 0 0 0 0 0 0 0 0 0 0 0 0	O O O O O O O O O O O O O O O O O B-ARG1 B-PRD O O B-ARGM-TMP I-ARGM-TMP I-ARGM-TMP O O O O O O O O O O O O O O O
During the last three decades , Dr . Sayre and the NESA staff have helped many companies bring their high performance products to market ; published and presented at numerous design conference , and contributed to a variety of technical publications .	0 0 0 0 0 0 0 0 0 0 0 0 0 0 0 0 0 0 0 0 0 0 0 0 0 0 0 0 0 0 0 0 0 0 1 0 0 0 0 0 0 0	B-ARGM-TMP I-ARGM-TMP I-ARGM-TMP I-ARGM-TMP I-ARGM-TMP O B-ARG0 I-ARG0 I-ARG0 I-ARG0 I-ARG0 I-ARG0 I-ARG0 O O O O O O O O O O O O O O O O O O O O O B-PRD B-ARG2 I-ARG2 I-ARG2 I-ARG2 I-ARG2 I-ARG2 O
I knew as well as I do now what passion Michael had for natural bodybuilding and unreservedly offered my best wishes and support for the ' new ' venture .	0 0 0 0 0 0 0 0 0 0 0 0 0 0 0 0 0 0 0 0 1 0 0 0 0 0 0 0 0 0	O O O O O O O O O O O O O O O O O O B-ARG0 B-ARGM-ADJ B-PRD O O B-ARG1 I-ARG1 I-ARG1 I-ARG1 I-ARG1 I-ARG1 O
They are damn if they do and damned if they do not .	0 0 0 0 0 1 0 0 0 0 0 0 0	O O O O B-ARG0 B-PRD O O O O O O O
Whatever you are puzzle needs , I am sure you shall find it here ... Scanning stops when no further numerals can be discovered .	0 0 0 0 0 0 0 0 0 0 0 1 0 0 0 0 0 0 0 0 0 0 0 0 0	O O O O O O O O O B-ARG0 B-ARGM-MOD B-PRD B-ARG1 B-ARGM-LOC O O O O O O O O O O O
This visit is to discuss Conwy 's current need for adopters and you are own wishes and personal circumstances in more detail .	0 0 0 0 1 0 0 0 0 0 0 0 0 0 0 0 0 0 0 0 0 0 0	O O O O B-PRD B-ARG1 I-ARG1 I-ARG1 I-ARG1 I-ARG1 I-ARG1 O O O O O O O O O O O O
" At - Tirmidhi recorded it and said , " Hasan Gharib "' .	0 0 0 0 0 0 0 1 0 0 0 0 0 0	O B-ARG0 I-ARG0 I-ARG0 O O O B-PRD O O B-ARG1 I-ARG1 I-ARG1 O
GSM is also the number one mobile technology choice of new customers in the Americas NEC e606 Phone Review : Read MORE Free 3 G Phones TODAY ' S PRESS RELEASES Oftel : UK Mobile Customer Complaints Findings Oftel received 552 complaints about Hutchison 3 G ( " 3 " ) , but we were unable to obtain customer base information from this company .	0 0 0 0 0 0 0 0 0 0 0 0 0 0 0 0 0 0 0 0 0 0 0 0 0 0 0 0 0 0 0 0 0 0 0 0 0 0 0 0 0 0 0 0 0 0 0 0 0 0 0 0 0 0 1 0 0 0 0 0 0 0 0 0 0	O O O O O O O O O O O O O O O O O O O O O O O O O O O O O O O O O O O O O O O O O O O O O O O O O O O O O B-ARG1 B-PRD B-ARG2 I-ARG2 I-ARG2 I-ARG2 I-ARG2 I-ARG2 I-ARG2 I-ARG2 I-ARG2 O
The Treasury , to their credit , claim to have pioneered generational accounting in their estimates of long - term fiscal trends , but I am afraid I do not believe their figures which have deeply implausible assumptions .	0 0 0 0 0 0 0 0 0 0 0 0 0 0 0 0 0 0 0 0 0 0 0 0 0 0 0 0 0 0 0 0 0 0 0 0 0 1 0	O O O O O O O O O O O O O O O O O O O O O O O O O O O O O O O O O O O B-ARGM-ADJ I-ARGM-ADJ B-PRD O
Bearing in mind that Suffolk was one of the most puritan areas of England , its survival here would not merely be a moving reminder of lost Catholic England , it would severely test the bounds of credibility .	0 0 0 0 0 0 0 0 0 0 0 0 0 0 0 0 0 0 0 0 0 0 0 0 0 0 1 0 0 0 0 0 0 0 0 0 0 0 0	O O O O O O O O O O O O O O O O O O O O O O O O O O B-PRD B-ARG1 I-ARG1 O O O O O O O O O O
She wanted to phone the Doctor and I thought the Doctor was a euphemism for ' them ' ( I think my Mother 's feeling that this was a drastic measure was conveyed and interpreted in an odd way by my confused mind ) .	0 0 0 0 0 0 0 0 1 0 0 0 0 0 0 0 0 0 0 0 0 0 0 0 0 0 0 0 0 0 0 0 0 0 0 0 0 0 0 0 0 0 0 0 0	O O O O O O O B-ARG0 B-PRD B-ARG1 I-ARG1 I-ARG1 I-ARG1 I-ARG1 I-ARG1 I-ARG1 I-ARG1 I-ARG1 O O O O O O O O O O O O O O O O O O O O O O O O O O O
Very often , a branch , which is established in a local Authority , will not include members from voluntary organisations .	0 0 0 0 0 0 0 0 1 0 0 0 0 0 0 0 0 0 0 0 0 0	O O O B-ARG1 I-ARG1 O B-R-ARG1 O B-PRD B-ARGM-LOC I-ARGM-LOC I-ARGM-LOC I-ARGM-LOC O O O O O O O O O
3077 , that the breadth of the Image by measure answered to the Sun 's diameter : But because it is pretended , I was imposed upon , I would ask , what the Experiment as it is advanced to that which I called the Experimen - ( 559 ) tum Crucis , can have to do with a cloudy day ?	0 0 0 0 0 0 0 0 0 0 0 0 0 0 0 0 0 0 0 0 0 1 0 0 0 0 0 0 0 0 0 0 0 0 0 0 0 0 0 0 0 0 0 0 0 0 0 0 0 0 0 0 0 0 0 0 0 0 0 0 0 0	O O O O O O O O O O O O O O O O O O O B-ARG1 O B-PRD O O O O O O O O O O O O O O O O O O O O O O O O O O O O O O O O O O O O O O O O
It was also innovative and , from the 1880 s onwards , produced a respectable if not sparkling dividend for its shareholders .	0 0 0 0 0 0 0 0 0 0 0 0 1 0 0 0 0 0 0 0 0 0 0	B-ARG0 O O O O O B-ARGM-TMP I-ARGM-TMP I-ARGM-TMP I-ARGM-TMP I-ARGM-TMP O B-PRD B-ARG1 I-ARG1 I-ARG1 I-ARG1 I-ARG1 I-ARG1 B-ARG3 I-ARG3 I-ARG3 O
The government has also stated that there could be more proposals for the decentralisation of responsibilities to assemblies further down the line : " There should be powers under the Bill for the Secretary of state to confer additional functions on elected regional assemblies without the need for another Bill " according to the Draft Regional Assemblies Bill Policy Statement .	0 0 0 0 0 0 0 0 0 0 0 0 0 0 0 0 0 0 0 0 0 0 0 0 0 0 0 0 0 0 0 0 0 0 0 0 0 1 0 0 0 0 0 0 0 0 0 0 0 0 0 0 0 0 0 0 0 0 0 0 0	O O O O O O O O O O O O O O O O O O O O O O O O O O O O O O O O B-ARG0 I-ARG0 I-ARG0 I-ARG0 O B-PRD B-ARG1 I-ARG1 B-ARG2 I-ARG2 I-ARG2 I-ARG2 B-ARGM-MNR I-ARGM-MNR I-ARGM-MNR I-ARGM-MNR I-ARGM-MNR I-ARGM-MNR O O O O O O O O O O O
Fortunately , I can report with a clear conscience that both of these books are bargains ( $ 18.95 and $ 14.95 ) , loaded with useful content for beginners and experienced researchers alike .	0 0 0 0 0 0 0 0 0 0 0 0 0 0 1 0 0 0 0 0 0 0 0 0 0 0 0 0 0 0 0 0 0 0 0	O O O O O O O O O O B-ARG1 I-ARG1 I-ARG1 I-ARG1 B-PRD B-ARG2 I-ARG2 I-ARG2 I-ARG2 I-ARG2 I-ARG2 I-ARG2 I-ARG2 I-ARG2 I-ARG2 I-ARG2 I-ARG2 I-ARG2 I-ARG2 I-ARG2 I-ARG2 I-ARG2 I-ARG2 I-ARG2 O
Hot Candidates $ 40 K + $ 30 - $ 40 K $ 20 - $ 30 K Trainee CANDIDATE REF : Ref 23682 REQUIRED SALARY : $ 75 K + TITLE : Managing Director DESCRIPTION : PhD Chemist , an outstanding career including 21 years sales , marketing and management experience , mostly within the bluest of blue - chip scientific companies in the UK .	0 0 0 0 0 0 0 0 0 0 0 0 0 0 0 0 0 0 0 0 0 0 0 0 0 0 0 0 0 0 0 0 0 0 0 0 0 0 0 0 0 0 0 1 0 0 0 0 0 0 0 0 0 0 0 0 0 0 0 0 0 0 0 0 0 0 0	O O O O O O O O O O O O O O O O O O O O O O O O O O O O O O O O O O O O O O O O B-ARG2 I-ARG2 I-ARG2 B-PRD B-ARG1 I-ARG1 I-ARG1 I-ARG1 I-ARG1 I-ARG1 I-ARG1 I-ARG1 O O O O O O O O O O O O O O O
Help to suit you Reforms to the benefits system are designed to help people into work , but they have sometimes backfired .	0 0 1 0 0 0 0 0 0 0 0 0 0 0 0 0 0 0 0 0 0 0 0	O O B-PRD B-ARG2 O O O O O O O O O O O O O O O O O O O
If we have not been able to dispose of the current nuclear waste in a safe , socially acceptable manner , I suggest we should avoid creating more ( or importing it for processing ) .	0 0 0 0 0 0 0 0 0 0 0 0 0 0 0 0 0 0 0 0 0 0 0 0 0 1 0 0 0 0 0 0 0 0 0 0	O O O O O O O O O O O O O O O O O O O O O O O B-ARG0 B-ARGM-MOD B-PRD B-ARG1 I-ARG1 I-ARG1 I-ARG1 I-ARG1 I-ARG1 I-ARG1 I-ARG1 I-ARG1 O
The Branch Education Officer would be in a position to deliver the basic training and enthuse the membership to attend more advanced courses delivered by the CYWU , GFTU , and TUC .	0 0 0 0 0 0 0 0 0 0 1 0 0 0 0 0 0 0 0 0 0 0 0 0 0 0 0 0 0 0 0 0 0	B-ARG0 I-ARG0 I-ARG0 I-ARG0 O O O O O O B-PRD B-ARG1 I-ARG1 I-ARG1 O O O O O O O O O O O O O O O O O O O
By including both invited papers and informal discussion group sessions the aim was to encourge debate on issues such as : ( i ) Can current rates of improvement be sustained or improved ?	0 0 0 0 0 0 0 0 0 0 0 0 0 0 0 0 0 0 0 0 0 0 0 0 0 0 0 0 0 0 1 0 0 0	O O O O O O O O O O O O O O O O O O O O O B-ARGM-DIS I-ARGM-DIS I-ARGM-DIS B-ARGM-MOD B-ARG1 I-ARG1 I-ARG1 I-ARG1 O B-PRD O O O
The company has enjoyed tremendous growth over the last two years , over 40 % per year and is keen to provide full and ongoing training .	0 0 0 1 0 0 0 0 0 0 0 0 0 0 0 0 0 0 0 0 0 0 0 0 0 0 0	B-ARG0 I-ARG0 O B-PRD B-ARG1 I-ARG1 B-ARGM-TMP I-ARGM-TMP I-ARGM-TMP I-ARGM-TMP I-ARGM-TMP O O O O O O O O O O O O O O O O
All apartments are equipped with intercom , landline telephone and Internet access points located in the sitting room Intercom Security alarm wiring Internet wiring Telephone line wiring Cable TV wiring Fireplace flue in the sitting room Option for built - in sauna construction in most of the apartments Most apartments are provided with terraces Exterior aluminium window boards coloured as the joinery , powder sprayed - interior window stools - authentic stone Heating - convection radiators Lobby bar Restaurant Fitness centre Sauna Massage parlour Steam bath facility Ski depot Elevator Shopping area Reception Staircases Staircase and corridor heating Security and fire alarm signalization cabling	0 0 0 1 0 0 0 0 0 0 0 0 0 0 0 0 0 0 0 0 0 0 0 0 0 0 0 0 0 0 0 0 0 0 0 0 0 0 0 0 0 0 0 0 0 0 0 0 0 0 0 0 0 0 0 0 0 0 0 0 0 0 0 0 0 0 0 0 0 0 0 0 0 0 0 0 0 0 0 0 0 0 0 0 0 0 0 0 0 0 0 0 0 0 0 0 0 0 0 0 0 0 0 0	B-ARG1 I-ARG1 O B-PRD O O O O O O O O O O O O O O O O O O O O O O O O O O O O O O O O O O O O O O O O O O O O O O O O O O O O O O O O O O O O O O O O O O O O O O O O O O O O O O O O O O O O O O O O O O O O O O O O O O O O
It is , in fact , a good tool of reference not just for students but for anyone wanting to catch up quickly with Christian doctrine and background and their influences on medieval art .	0 0 0 0 0 0 0 0 0 0 0 0 0 0 0 0 0 0 1 0 0 0 0 0 0 0 0 0 0 0 0 0 0 0 0	O O O O O O O O O O O O O O O O O B-ARG0 B-PRD B-ARG1 I-ARG1 I-ARG1 I-ARG1 I-ARG1 I-ARG1 I-ARG1 I-ARG1 I-ARG1 I-ARG1 I-ARG1 I-ARG1 I-ARG1 I-ARG1 I-ARG1 O
If you are not happy with CPPs reply , you can contact the insurer at : ACE European Group Limited , Ashdown House , 125 High Street , Crawley , West Sussex , RH10 1 DQ If you are not satisfied you can then take the matter to : The Financial Ombudsman Service , Insurance Division , South Quay Plaza , 183 Marsh Wall , London , E14 9 SR Please note the Ombudsman will not be able to help you unless you have first taken you are complaint to the insurer . back to top What are the age limitations ?	0 0 0 0 0 0 0 0 0 0 0 0 0 0 0 0 0 0 0 0 0 0 0 0 0 0 0 0 0 0 0 0 0 0 0 0 0 0 0 0 0 0 0 0 0 0 0 0 0 0 0 0 0 0 0 0 0 0 0 0 0 0 0 0 0 0 0 0 0 0 0 0 0 0 0 0 1 0 0 0 0 0 0 0 0 0 0 0 0 0 0 0 0 0 0 0 0 0 0 0 0 0	O O O O O O O O O O O O O O O O O O O O O O O O O O O O O O O O O O O O O O O O O O O O O O O O O O O O O O O O O O O O O O O O O O O O O O O O B-ARG1 I-ARG1 B-ARGM-MOD B-ARGM-NEG B-PRD B-ARG2 I-ARG2 I-ARG2 I-ARG2 B-ARGM-ADV I-ARGM-ADV I-ARGM-ADV I-ARGM-ADV I-ARGM-ADV I-ARGM-ADV I-ARGM-ADV I-ARGM-ADV I-ARGM-ADV I-ARGM-ADV I-ARGM-ADV O O O O O O O O O O
Futurebuilders Scotland Learning Fund has made 137 awards totalling $ 695,759 there is a full list of Learning Fund awards available in the projects funded section of the site .	0 0 0 0 0 1 0 0 0 0 0 0 0 0 0 0 0 0 0 0 0 0 0 0 0 0 0 0 0 0	B-ARG0 I-ARG0 I-ARG0 I-ARG0 O B-PRD B-ARG1 I-ARG1 I-ARG1 I-ARG1 I-ARG1 O O O O O O O O O O O O O O O O O O O
This has now been introduced on 1 October 2005 and should ensure Test 5 compliance .	0 0 0 0 1 0 0 0 0 0 0 0 0 0 0 0	B-ARG1 O B-ARGM-TMP O B-PRD B-ARGM-TMP I-ARGM-TMP I-ARGM-TMP I-ARGM-TMP O O O O O O O
Serviced offices managed office space business centres and virtual offices in Maidstone Kent .	1 0 0 0 0 0 0 0 0 0 0 0 0 0	B-PRD B-ARG1 O O O O O O O O O O O O
This will begin from September next year , with training for those already employed or seeking employment in the sectors of the industry which are now or soon to be regulated in England and Wales - including door supervisors , manned guards , body guards , CCTV operators , those involved in transporting cash and valuables , private investigators and security consultants .	0 0 0 0 0 0 0 0 0 0 0 0 0 0 0 0 0 0 0 0 0 0 0 0 0 0 0 0 0 0 0 0 0 0 0 0 0 0 0 0 1 0 0 0 0 0 0 0 0 0 0 0 0 0 0 0 0 0 0 0 0 0 0	O O O O O O O O O O O O O O O O O O O O O O O O O O O O O O O O O O O O O O O O B-PRD B-ARG1 O O O O O O O O O O O O O O O O O O O O O
And yet that very saying is a sufficient argument , that I meant to the contrary , because it becomes wholly impertinent , if apply ' d to a parallel image ; but in the other case is a very necessary circmstance .	0 0 0 0 0 1 0 0 0 0 0 0 0 0 0 0 0 0 0 0 0 0 0 0 0 0 0 0 0 0 0 0 0 0 0 0 0 0 0 0 0 0 0	B-ARGM-DIS B-ARGM-DIS B-ARG1 I-ARG1 I-ARG1 B-PRD B-ARG2 I-ARG2 I-ARG2 I-ARG2 I-ARG2 I-ARG2 I-ARG2 I-ARG2 I-ARG2 I-ARG2 O B-ARGM-CAU I-ARGM-CAU I-ARGM-CAU I-ARGM-CAU I-ARGM-CAU I-ARGM-CAU I-ARGM-CAU I-ARGM-CAU I-ARGM-CAU I-ARGM-CAU I-ARGM-CAU I-ARGM-CAU I-ARGM-CAU I-ARGM-CAU I-ARGM-CAU I-ARGM-CAU I-ARGM-CAU I-ARGM-CAU I-ARGM-CAU I-ARGM-CAU I-ARGM-CAU I-ARGM-CAU I-ARGM-CAU I-ARGM-CAU I-ARGM-CAU O
You are body will adjust to you are bed but it helps if you choose a soft medium or hard bed in the first place .	0 0 0 0 0 0 0 1 0 0 0 0 0 0 0 0 0 0 0 0 0 0 0 0 0 0	O O O O O O O B-PRD B-ARG2 O O O O O O O O O O O O O O O O O
active TV with 2 min COG ' video on Sky BIMA appoints PR Consultancy BIMA announces BIMAs with an early bird discount Judges at BIMA BIMA Gives Cautious Welcome to MPEG - 4 Licensing Change The media and advertising industry expect most broadcast commercials to be interactive by 2005 BIMA sponsor NMA Games award Consumers put branding centre stage for interactive commercials Letter to Creative Review BIMA launches website with D & AD Winner Skive Creative launch viral campaign for Sky Business division BIMA backed research report reveals a massive skills training gap in the new media sector BIMAS 2002 judges award two Grand Prix winners BIMA caters for freelancers and students with new membership package Skive Creative to produce Interactive Game for Vodafone and MTV Skive Creative launch viral campaign for NIVEA Body Skive Creative to launch online football streakers for Sporting Index Skive Creative appointed by pet care brand , Butcher 's New combined consultancy and agency , Radiant , launches with Frem	0 0 0 0 0 0 0 0 0 0 0 1 0 0 0 0 0 0 0 0 0 0 0 0 0 0 0 0 0 0 0 0 0 0 0 0 0 0 0 0 0 0 0 0 0 0 0 0 0 0 0 0 0 0 0 0 0 0 0 0 0 0 0 0 0 0 0 0 0 0 0 0 0 0 0 0 0 0 0 0 0 0 0 0 0 0 0 0 0 0 0 0 0 0 0 0 0 0 0 0 0 0 0 0 0 0 0 0 0 0 0 0 0 0 0 0 0 0 0 0 0 0 0 0 0 0 0 0 0 0 0 0 0 0 0 0 0 0 0 0 0 0 0 0 0 0 0 0 0 0 0 0 0 0 0 0 0 0 0 0 0 0 0 0 0	B-ARG0 I-ARG0 I-ARG0 I-ARG0 I-ARG0 I-ARG0 I-ARG0 I-ARG0 I-ARG0 I-ARG0 I-ARG0 B-PRD O O O O O O O O O O O O O O O O O O O O O O O O O O O O O O O O O O O O O O O O O O O O O O O O O O O O O O O O O O O O O O O O O O O O O O O O O O O O O O O O O O O O O O O O O O O O O O O O O O O O O O O O O O O O O O O O O O O O O O O O O O O O O O O O O O O O O O O O O O O O O O O O O O O O O O O O O
Another stroke about a month after the first In the middle of the night , I woke up feeling extraordinarily ill , and hysterical - I think mostly because I knew I was ill , and did not know what to do .	0 0 0 0 0 0 0 0 0 0 0 0 0 0 0 0 0 0 0 0 0 0 0 0 0 0 0 0 0 0 1 0 0 0 0 0 0 0 0 0 0 0 0	O O O O O O O O O O O O O O O O O O O O O O O O O O O O O B-ARG0 B-PRD B-ARG1 I-ARG1 I-ARG1 O O O O O O O O O
If you are not happy with CPPs reply , you can contact the insurer at : ACE European Group Limited , Ashdown House , 125 High Street , Crawley , West Sussex , RH10 1 DQ If you are not satisfied you can then take the matter to : The Financial Ombudsman Service , Insurance Division , South Quay Plaza , 183 Marsh Wall , London , E14 9 SR Please note the Ombudsman will not be able to help you unless you have first taken you are complaint to the insurer . back to top What are the age limitations ?	0 0 0 0 0 0 0 0 0 0 0 0 0 0 0 0 0 0 0 0 0 0 0 0 0 0 0 0 0 0 0 0 0 0 0 0 0 0 0 0 0 0 0 0 0 0 0 0 0 0 0 0 0 0 0 0 0 0 0 0 0 0 0 0 0 0 0 0 0 0 0 0 0 0 0 0 0 0 0 0 0 0 0 0 0 1 0 0 0 0 0 0 0 0 0 0 0 0 0 0 0 0	O O O O O O O O O O O O O O O O O O O O O O O O O O O O O O O O O O O O O O O O O O O O O O O O O O O O O O O O O O O O O O O O O O O O O O O O O O O O O O O O O O B-ARG0 O B-ARGM-TMP B-PRD O O O O O O O O O O O O O O O O
3 It was considered time to carry out a further study .	0 0 0 0 0 0 1 0 0 0 0 0	O O O O B-ARGM-TMP O B-PRD O B-ARG1 I-ARG1 I-ARG1 O
Of the many demands that can be made , radical measures responding to the catastrophe of commodity prices is one of the most urgent .	0 0 0 0 0 0 0 0 0 0 0 1 0 0 0 0 0 0 0 0 0 0 0 0 0	O O O O O O O O O B-ARG0 I-ARG0 B-PRD B-ARG1 I-ARG1 I-ARG1 I-ARG1 I-ARG1 I-ARG1 O O O O O O O
The feature that I appreciate most is that we have revamped the Wi - Fi control panel .	0 0 0 0 0 0 0 0 0 0 1 0 0 0 0 0 0 0	O O O O O O O O B-ARG0 O B-PRD B-ARG1 I-ARG1 I-ARG1 I-ARG1 I-ARG1 I-ARG1 O
Added : Delete the following files in you are TWiki.Main installation : BillClinton , GoodStyle , RegularExpression , TextFormattingFAQ , TextFormattingRules , TWikiAdministration , TWikiCategoryTable , TWikiDocumentation , TWikiEnhancementRequests , TWikiHistory , TWikiImplementationNotes , TWikiInstallationNotes , TWikiNotificationOfChanges , TWikiPlannedFeatures , TWikiPreferences , TWikiUpgradeTo01May2000 , TWikiUsernameVsLoginUsername , TWikiVariables , TWikiWeb , WelcomeGuest , WikiName , WikiNotation , WikiTopic , WikiWikiClones In all you are webs , change references to topics that moved to the TWiki.TWiki web : Line : 13 to 18 In case you customized TWikiRegistration , merge you are changes back into TWiki.TWikiRegistration , then delete Main.TWikiRegistration .	0 0 0 0 0 0 0 0 0 0 0 0 0 0 0 0 0 0 0 0 0 0 0 0 0 0 0 0 0 0 0 0 0 0 0 0 0 0 0 0 0 0 0 0 0 0 0 0 0 0 0 0 0 0 0 0 0 0 0 0 0 0 1 0 0 0 0 0 0 0 0 0 0 0 0 0 0 0 0 0 0 0 0 0 0 0 0 0 0 0 0 0 0 0 0 0 0 0 0	O O O O O O O O O O O O O O O O O O O O O O O O O O O O O O O O O O O O O O O O O O O O O O O O O O O O O O O O O O O O O B-ARG1 B-PRD B-ARG2 O O O O O O O O O O O O O O O O O O O O O O O O O O O O O O O O O O O
Loft has been converted to provide 19 ft bedroom , there is also a self contained annexe which offers a kitchen / diner , sitting room and conservatory with a bathroom and one bedroom .	0 0 0 0 0 0 0 0 0 0 0 1 0 0 0 0 0 0 0 0 0 0 0 0 0 0 0 0 0 0 0 0 0 0 0	O O O O O O O O O O O B-PRD B-ARGM-ADV B-ARG1 I-ARG1 I-ARG1 I-ARG1 I-ARG1 I-ARG1 I-ARG1 I-ARG1 I-ARG1 I-ARG1 I-ARG1 I-ARG1 I-ARG1 I-ARG1 I-ARG1 I-ARG1 I-ARG1 I-ARG1 I-ARG1 I-ARG1 I-ARG1 O
This is the most common sense shape given to a high percentage of vacuum thrust aircraft .	0 0 0 0 0 0 0 1 0 0 0 0 0 0 0 0 0	O O B-ARG1 I-ARG1 I-ARG1 I-ARG1 I-ARG1 B-PRD B-ARG2 I-ARG2 I-ARG2 I-ARG2 I-ARG2 I-ARG2 I-ARG2 I-ARG2 O
Has getting married changed you are diet at all ?	0 0 0 0 0 1 0 0 0 0	O O O O B-ARG1 B-PRD B-ARG2 B-ARGM-ADV I-ARGM-ADV O
The timetable was completely reorganised in the 1960 s to offer only through trains between Aberdeen and Inverness and this service has increased over the ensuring years as demand has been spurred by oil prosperity and congestion on the parallel roads .	0 0 0 0 1 0 0 0 0 0 0 0 0 0 0 0 0 0 0 0 0 0 0 0 0 0 0 0 0 0 0 0 0 0 0 0 0 0 0 0 0 0	B-ARG1 I-ARG1 O B-ARGM-EXT B-PRD B-ARGM-TMP I-ARGM-TMP I-ARGM-TMP I-ARGM-TMP B-ARGM-PRP I-ARGM-PRP I-ARGM-PRP I-ARGM-PRP I-ARGM-PRP I-ARGM-PRP I-ARGM-PRP I-ARGM-PRP I-ARGM-PRP O O O O O O O O O O O O O O O O O O O O O O O O
Jean Evans then takes us to South Africa , to experience the enormous tragedy unfolding in that part of the world , particularly for the children and little spoken of in the world 's media : AIDS Acquired Immunodefficiency Syndrome , Its Impact in South Africa .	0 0 0 0 0 0 0 0 0 0 1 0 0 0 0 0 0 0 0 0 0 0 0 0 0 0 0 0 0 0 0 0 0 0 0 0 0 0 0 0 0 0 0 0 0 0 0	B-ARG0 I-ARG0 O O O O O O O O B-PRD O O O O O O O O O O O O O O O O O O O O O O O O O O O O O O O O O O O O
But this is not to set me at odds with my self , but with the experiment ; for it is there described to happen in them all ; and I still say , it doth happen in them .	0 0 0 0 0 0 0 0 0 0 0 0 0 0 0 0 0 0 0 0 0 0 0 0 0 0 0 0 0 0 0 0 1 0 0 0 0 0 0 0	O O O O O O O O O O O O O O O O O O O O O O O O O O O O O O B-ARG0 B-ARGM-TMP B-PRD O B-ARG1 I-ARG1 I-ARG1 I-ARG1 I-ARG1 O
Summer outages of library e - resource services Due to the summer relocation of the UCL computing suite , many library e - resource services will be severely affected by a series of weekend system outages in July and August .	0 0 0 0 0 0 0 1 0 0 0 0 0 0 0 0 0 0 0 0 0 0 0 0 0 0 0 0 0 0 0 0 0 0 0 0 0 0 0 0 0	O O O B-ARG1 B-ARG1 I-ARG1 I-ARG1 B-PRD O O O O O O O O O O O O O O O O O O O O O O O O O O O O O O O O O
Cross - functional learning The extent to which individuals learn to work together , understand each other , and work within a common and shared vision across diverse departments , or operating companies within the same group .	0 0 0 0 0 0 0 0 0 1 0 0 0 0 0 0 0 0 0 0 0 0 0 0 0 0 0 0 0 0 0 0 0 0 0 0 0 0	O O O O O O B-R-ARGM-MNR I-R-ARGM-MNR B-ARG0 B-PRD B-ARG1 I-ARG1 I-ARG1 I-ARG1 I-ARG1 I-ARG1 I-ARG1 O O O O O O O O O O O O O O O O O O O O O
Managers encouraging everyone to take responsibility for decisions about their own work .	0 1 0 0 0 0 0 0 0 0 0 0 0	B-ARG0 B-PRD B-ARG1 B-ARG2 I-ARG2 I-ARG2 I-ARG2 I-ARG2 I-ARG2 I-ARG2 I-ARG2 I-ARG2 O
The hydrodynamics is complicated by the occurrence of strong ultrarelativistic shocks .	0 0 0 1 0 0 0 0 0 0 0 0	B-ARG1 I-ARG1 O B-PRD B-ARG0 I-ARG0 I-ARG0 I-ARG0 I-ARG0 I-ARG0 I-ARG0 O
For all these reasons , it seemed that a typing scheme was necessary to cope with characters and byte addressing , and to prepare for the coming floating - point hardware .	0 0 0 0 0 0 1 0 0 0 0 0 0 0 0 0 0 0 0 0 0 0 0 0 0 0 0 0 0 0 0 0	B-ARGM-CAU I-ARGM-CAU I-ARGM-CAU I-ARGM-CAU O O B-PRD B-ARG1 I-ARG1 I-ARG1 I-ARG1 I-ARG1 I-ARG1 I-ARG1 I-ARG1 I-ARG1 I-ARG1 I-ARG1 I-ARG1 I-ARG1 I-ARG1 I-ARG1 I-ARG1 I-ARG1 I-ARG1 I-ARG1 I-ARG1 I-ARG1 I-ARG1 I-ARG1 I-ARG1 O